Year,Variable,CPI
1961,All Items,24.401
1962,All Items,24.513
1963,All Items,25.033
1964,All Items,25.448
1965,All Items,25.513
1966,All Items,26.028
1967,All Items,26.874
1968,All Items,27.058
1969,All Items,26.989
1970,All Items,27.079
1971,All Items,27.589
1972,All Items,28.18
1973,All Items,33.708
1974,All Items,41.247
1975,All Items,42.311
1976,All Items,41.508
1977,All Items,42.831
1978,All Items,44.573
1979,All Items,46.358
1980,All Items,50.317
1981,All Items,54.437
1982,All Items,56.57
1983,All Items,57.157
1984,All Items,58.645
1985,All Items,58.933
1986,All Items,58.12
1987,All Items,58.401
1988,All Items,59.29
1989,All Items,60.65
1990,All Items,62.743
1991,All Items,64.901
1992,All Items,66.357
1993,All Items,67.878
1994,All Items,69.978
1995,All Items,71.185
1996,All Items,72.167
1997,All Items,73.627
1998,All Items,73.428
1999,All Items,73.445
2000,All Items,74.435
2001,All Items,75.19
2002,All Items,74.896
2003,All Items,75.261
2004,All Items,76.518
2005,All Items,76.877
2006,All Items,77.617
2007,All Items,79.251
2008,All Items,84.504
2009,All Items,85.008
2010,All Items,87.408
2011,All Items,91.995
2012,All Items,96.205
2013,All Items,98.474
2014,All Items,99.483
2015,All Items,98.963
2016,All Items,98.436
2017,All Items,99.004
2018,All Items,99.438
2019,All Items,100
2020,All Items,99.818
2021,All Items,102.119
2022,All Items,108.37
2023,All Items,113.595
1961,Food,21.522
1962,Food,21.674
1963,Food,22.468
1964,Food,23.034
1965,Food,22.926
1966,Food,23.565
1967,Food,24.68
1968,Food,24.725
1969,Food,24.25
1970,Food,24.129
1971,Food,24.681
1972,Food,25.286
1973,Food,33.829
1974,Food,42.481
1975,Food,42.929
1976,Food,40.275
1977,Food,42.295
1978,Food,44.696
1979,Food,45.815
1980,Food,49.687
1981,Food,54.563
1982,Food,57.247
1983,Food,57.352
1984,Food,58.227
1985,Food,57.541
1986,Food,56.684
1987,Food,56.595
1988,Food,57.382
1989,Food,58.039
1990,Food,58.489
1991,Food,59.412
1992,Food,60.127
1993,Food,60.707
1994,Food,62.855
1995,Food,64.301
1996,Food,65.659
1997,Food,66.993
1998,Food,67.156
1999,Food,67.74
2000,Food,68.101
2001,Food,68.44
2002,Food,68.459
2003,Food,68.867
2004,Food,70.255
2005,Food,71.159
2006,Food,72.261
2007,Food,74.401
2008,Food,80.154
2009,Food,81.972
2010,Food,83.085
2011,Food,85.618
2012,Food,87.608
2013,Food,89.456
2014,Food,92.059
2015,Food,93.833
2016,Food,95.759
2017,Food,97.104
2018,Food,98.498
2019,Food,100
2020,Food,101.862
2021,Food,103.326
2022,Food,108.813
2023,Food,115.122
1961,Clothing & Footwear,53.847
1962,Clothing & Footwear,53.59
1963,Clothing & Footwear,53.415
1964,Clothing & Footwear,53.723
1965,Clothing & Footwear,54.39
1966,Clothing & Footwear,55.315
1967,Clothing & Footwear,55.424
1968,Clothing & Footwear,55.737
1969,Clothing & Footwear,56.929
1970,Clothing & Footwear,57.222
1971,Clothing & Footwear,58.774
1972,Clothing & Footwear,59.849
1973,Clothing & Footwear,69.726
1974,Clothing & Footwear,76.778
1975,Clothing & Footwear,75.768
1976,Clothing & Footwear,76.288
1977,Clothing & Footwear,77.418
1978,Clothing & Footwear,78.886
1979,Clothing & Footwear,81.671
1980,Clothing & Footwear,83.202
1981,Clothing & Footwear,84.703
1982,Clothing & Footwear,85.067
1983,Clothing & Footwear,85.02
1984,Clothing & Footwear,84.674
1985,Clothing & Footwear,82.532
1986,Clothing & Footwear,80.644
1987,Clothing & Footwear,80.951
1988,Clothing & Footwear,83.712
1989,Clothing & Footwear,85.249
1990,Clothing & Footwear,85.986
1991,Clothing & Footwear,87.501
1992,Clothing & Footwear,89.624
1993,Clothing & Footwear,90.824
1994,Clothing & Footwear,92.928
1995,Clothing & Footwear,94.326
1996,Clothing & Footwear,94.868
1997,Clothing & Footwear,95.675
1998,Clothing & Footwear,94.36
1999,Clothing & Footwear,92.519
2000,Clothing & Footwear,91.668
2001,Clothing & Footwear,92.006
2002,Clothing & Footwear,92.424
2003,Clothing & Footwear,92.935
2004,Clothing & Footwear,93.098
2005,Clothing & Footwear,93.224
2006,Clothing & Footwear,93.919
2007,Clothing & Footwear,94.547
2008,Clothing & Footwear,95.943
2009,Clothing & Footwear,96.839
2010,Clothing & Footwear,97.37
2011,Clothing & Footwear,97.502
2012,Clothing & Footwear,98.948
2013,Clothing & Footwear,99.267
2014,Clothing & Footwear,98.468
2015,Clothing & Footwear,98.528
2016,Clothing & Footwear,98.744
2017,Clothing & Footwear,99.345
2018,Clothing & Footwear,100.777
2019,Clothing & Footwear,100
2020,Clothing & Footwear,96.16
2021,Clothing & Footwear,90.845
2022,Clothing & Footwear,93.416
2023,Clothing & Footwear,95.75
1961,Housing & Utilities,26.688
1962,Housing & Utilities,26.849
1963,Housing & Utilities,26.907
1964,Housing & Utilities,27.401
1965,Housing & Utilities,27.908
1966,Housing & Utilities,27.748
1967,Housing & Utilities,28.445
1968,Housing & Utilities,28.789
1969,Housing & Utilities,29.432
1970,Housing & Utilities,29.648
1971,Housing & Utilities,30.312
1972,Housing & Utilities,30.791
1973,Housing & Utilities,31.854
1974,Housing & Utilities,36.361
1975,Housing & Utilities,38.923
1976,Housing & Utilities,41.541
1977,Housing & Utilities,42.009
1978,Housing & Utilities,41.998
1979,Housing & Utilities,44.134
1980,Housing & Utilities,50.156
1981,Housing & Utilities,52.79
1982,Housing & Utilities,54.741
1983,Housing & Utilities,55.202
1984,Housing & Utilities,57.137
1985,Housing & Utilities,59.136
1986,Housing & Utilities,57.788
1987,Housing & Utilities,56.905
1988,Housing & Utilities,56.9
1989,Housing & Utilities,57.913
1990,Housing & Utilities,62.102
1991,Housing & Utilities,63.528
1992,Housing & Utilities,65.162
1993,Housing & Utilities,67.547
1994,Housing & Utilities,68.477
1995,Housing & Utilities,69.148
1996,Housing & Utilities,69.791
1997,Housing & Utilities,71.833
1998,Housing & Utilities,73.68
1999,Housing & Utilities,72.747
2000,Housing & Utilities,74.792
2001,Housing & Utilities,76.234
2002,Housing & Utilities,74.558
2003,Housing & Utilities,74.307
2004,Housing & Utilities,74.232
2005,Housing & Utilities,75.17
2006,Housing & Utilities,77.639
2007,Housing & Utilities,77.819
2008,Housing & Utilities,89.48
2009,Housing & Utilities,91.254
2010,Housing & Utilities,93.299
2011,Housing & Utilities,101.694
2012,Housing & Utilities,110.25
2013,Housing & Utilities,113.388
2014,Housing & Utilities,113.517
2015,Housing & Utilities,109.499
2016,Housing & Utilities,105.034
2017,Housing & Utilities,102.372
2018,Housing & Utilities,101.003
2019,Housing & Utilities,100
2020,Housing & Utilities,99.714
2021,Housing & Utilities,101.1
2022,Housing & Utilities,106.406
2023,Housing & Utilities,111.002
1961,Household Durables & Services,32.11
1962,Household Durables & Services,32.154
1963,Household Durables & Services,31.498
1964,Household Durables & Services,31.574
1965,Household Durables & Services,32.343
1966,Household Durables & Services,34.577
1967,Household Durables & Services,36.767
1968,Household Durables & Services,37.507
1969,Household Durables & Services,37.335
1970,Household Durables & Services,38.014
1971,Household Durables & Services,38.384
1972,Household Durables & Services,38.773
1973,Household Durables & Services,44.184
1974,Household Durables & Services,55.399
1975,Household Durables & Services,57.854
1976,Household Durables & Services,57.343
1977,Household Durables & Services,58.486
1978,Household Durables & Services,59.579
1979,Household Durables & Services,62.184
1980,Household Durables & Services,65.815
1981,Household Durables & Services,68.291
1982,Household Durables & Services,69.64
1983,Household Durables & Services,70.402
1984,Household Durables & Services,70.492
1985,Household Durables & Services,70.68
1986,Household Durables & Services,70.768
1987,Household Durables & Services,71.2
1988,Household Durables & Services,72.102
1989,Household Durables & Services,73.265
1990,Household Durables & Services,75.765
1991,Household Durables & Services,76.266
1992,Household Durables & Services,78.07
1993,Household Durables & Services,79.315
1994,Household Durables & Services,80.056
1995,Household Durables & Services,83.769
1996,Household Durables & Services,84.266
1997,Household Durables & Services,84.138
1998,Household Durables & Services,84.445
1999,Household Durables & Services,84.393
2000,Household Durables & Services,83.93
2001,Household Durables & Services,83.56
2002,Household Durables & Services,82.9
2003,Household Durables & Services,82.506
2004,Household Durables & Services,81.859
2005,Household Durables & Services,79.355
2006,Household Durables & Services,78.856
2007,Household Durables & Services,79.154
2008,Household Durables & Services,81
2009,Household Durables & Services,81.896
2010,Household Durables & Services,82.745
2011,Household Durables & Services,88.076
2012,Household Durables & Services,90.192
2013,Household Durables & Services,94.608
2014,Household Durables & Services,96.275
2015,Household Durables & Services,95.689
2016,Household Durables & Services,97.419
2017,Household Durables & Services,98.45
2018,Household Durables & Services,99.227
2019,Household Durables & Services,100
2020,Household Durables & Services,100.285
2021,Household Durables & Services,101.766
2022,Household Durables & Services,103.842
2023,Household Durables & Services,105.793
1961,Health Care,18.604
1962,Health Care,18.612
1963,Health Care,18.604
1964,Health Care,18.604
1965,Health Care,18.604
1966,Health Care,18.604
1967,Health Care,18.604
1968,Health Care,18.881
1969,Health Care,20.454
1970,Health Care,20.454
1971,Health Care,20.417
1972,Health Care,20.167
1973,Health Care,20.739
1974,Health Care,24.341
1975,Health Care,25.926
1976,Health Care,26.625
1977,Health Care,27.051
1978,Health Care,28.204
1979,Health Care,29.245
1980,Health Care,31.315
1981,Health Care,33.277
1982,Health Care,35.044
1983,Health Care,37.824
1984,Health Care,42.312
1985,Health Care,42.909
1986,Health Care,42.755
1987,Health Care,43.247
1988,Health Care,44.16
1989,Health Care,45.163
1990,Health Care,47.407
1991,Health Care,51.246
1992,Health Care,52.517
1993,Health Care,54.229
1994,Health Care,55.748
1995,Health Care,56.566
1996,Health Care,57.666
1997,Health Care,59.531
1998,Health Care,61.722
1999,Health Care,61.883
2000,Health Care,62.534
2001,Health Care,64.34
2002,Health Care,66.245
2003,Health Care,67.499
2004,Health Care,71.255
2005,Health Care,71.616
2006,Health Care,72.256
2007,Health Care,75.18
2008,Health Care,79.275
2009,Health Care,80.712
2010,Health Care,82.17
2011,Health Care,84.119
2012,Health Care,87.786
2013,Health Care,91.117
2014,Health Care,93.64
2015,Health Care,93.56
2016,Health Care,94.566
2017,Health Care,96.924
2018,Health Care,98.905
2019,Health Care,100
2020,Health Care,98.463
2021,Health Care,99.579
2022,Health Care,101.746
2023,Health Care,106.321
1961,Transport,20.537
1962,Transport,20.522
1963,Transport,20.539
1964,Transport,20.608
1965,Transport,20.608
1966,Transport,20.612
1967,Transport,20.632
1968,Transport,20.632
1969,Transport,20.675
1970,Transport,20.652
1971,Transport,20.648
1972,Transport,20.655
1973,Transport,20.742
1974,Transport,29.12
1975,Transport,30.354
1976,Transport,31.662
1977,Transport,31.851
1978,Transport,33.54
1979,Transport,36.872
1980,Transport,42.146
1981,Transport,46.887
1982,Transport,48.178
1983,Transport,48.739
1984,Transport,50.863
1985,Transport,53.6
1986,Transport,51.612
1987,Transport,52.2
1988,Transport,52.737
1989,Transport,55.494
1990,Transport,60.144
1991,Transport,64.685
1992,Transport,66.741
1993,Transport,68.75
1994,Transport,73.989
1995,Transport,74.727
1996,Transport,75.093
1997,Transport,78.553
1998,Transport,74.551
1999,Transport,74.301
2000,Transport,76.945
2001,Transport,76.104
2002,Transport,75.24
2003,Transport,75.096
2004,Transport,76.202
2005,Transport,74.312
2006,Transport,73.105
2007,Transport,74.974
2008,Transport,78.081
2009,Transport,75.663
2010,Transport,83.459
2011,Transport,93.402
2012,Transport,100.017
2013,Transport,102.32
2014,Transport,101.073
2015,Transport,99.62
2016,Transport,97.228
2017,Transport,99.756
2018,Transport,99.235
2019,Transport,100
2020,Transport,99.27
2021,Transport,108.055
2022,Transport,125.793
2023,Transport,133.752
1961,Communication,89.155
1962,Communication,89.155
1963,Communication,89.155
1964,Communication,96.585
1965,Communication,133.733
1966,Communication,133.733
1967,Communication,133.733
1968,Communication,133.733
1969,Communication,133.733
1970,Communication,133.733
1971,Communication,133.733
1972,Communication,133.733
1973,Communication,133.733
1974,Communication,133.733
1975,Communication,133.733
1976,Communication,133.733
1977,Communication,133.733
1978,Communication,137.824
1979,Communication,139.199
1980,Communication,139.199
1981,Communication,139.199
1982,Communication,139.199
1983,Communication,139.199
1984,Communication,139.199
1985,Communication,122.184
1986,Communication,116.512
1987,Communication,116.846
1988,Communication,116.846
1989,Communication,122.449
1990,Communication,125.254
1991,Communication,126.205
1992,Communication,126.205
1993,Communication,125.22
1994,Communication,125.369
1995,Communication,122.336
1996,Communication,121.615
1997,Communication,118.842
1998,Communication,114.494
1999,Communication,112.965
2000,Communication,109.492
2001,Communication,106.95
2002,Communication,106.71
2003,Communication,108.136
2004,Communication,108.12
2005,Communication,106.886
2006,Communication,105.858
2007,Communication,106.682
2008,Communication,106.864
2009,Communication,107.123
2010,Communication,104.736
2011,Communication,103.159
2012,Communication,103.061
2013,Communication,101.619
2014,Communication,101.426
2015,Communication,101.766
2016,Communication,101.387
2017,Communication,101.951
2018,Communication,100.924
2019,Communication,100
2020,Communication,100.681
2021,Communication,100.095
2022,Communication,98.896
2023,Communication,101.781
1961,Recreation & Culture,49.124
1962,Recreation & Culture,49.124
1963,Recreation & Culture,49.077
1964,Recreation & Culture,49.124
1965,Recreation & Culture,49.124
1966,Recreation & Culture,49.124
1967,Recreation & Culture,49.124
1968,Recreation & Culture,49.124
1969,Recreation & Culture,49.124
1970,Recreation & Culture,49.124
1971,Recreation & Culture,50.421
1972,Recreation & Culture,50.616
1973,Recreation & Culture,51.544
1974,Recreation & Culture,55.754
1975,Recreation & Culture,56.304
1976,Recreation & Culture,56.407
1977,Recreation & Culture,56.399
1978,Recreation & Culture,60.518
1979,Recreation & Culture,63.459
1980,Recreation & Culture,65.411
1981,Recreation & Culture,71.243
1982,Recreation & Culture,72.079
1983,Recreation & Culture,72.242
1984,Recreation & Culture,72.938
1985,Recreation & Culture,72.897
1986,Recreation & Culture,73.6
1987,Recreation & Culture,74.461
1988,Recreation & Culture,76.565
1989,Recreation & Culture,78.596
1990,Recreation & Culture,80.047
1991,Recreation & Culture,83.199
1992,Recreation & Culture,85.163
1993,Recreation & Culture,86.696
1994,Recreation & Culture,87.776
1995,Recreation & Culture,88.65
1996,Recreation & Culture,89.727
1997,Recreation & Culture,88.87
1998,Recreation & Culture,85.576
1999,Recreation & Culture,84.835
2000,Recreation & Culture,85.603
2001,Recreation & Culture,87.791
2002,Recreation & Culture,87.881
2003,Recreation & Culture,86.388
2004,Recreation & Culture,87.616
2005,Recreation & Culture,88.643
2006,Recreation & Culture,88.076
2007,Recreation & Culture,90.804
2008,Recreation & Culture,94.215
2009,Recreation & Culture,93.026
2010,Recreation & Culture,93.926
2011,Recreation & Culture,92.588
2012,Recreation & Culture,93.536
2013,Recreation & Culture,94.593
2014,Recreation & Culture,96.255
2015,Recreation & Culture,96.573
2016,Recreation & Culture,97.462
2017,Recreation & Culture,97.781
2018,Recreation & Culture,98.948
2019,Recreation & Culture,100
2020,Recreation & Culture,98.21
2021,Recreation & Culture,99.228
2022,Recreation & Culture,103.484
2023,Recreation & Culture,109.819
1961,Education,14.874
1962,Education,14.93
1963,Education,15.412
1964,Education,15.578
1965,Education,15.218
1966,Education,15.701
1967,Education,15.42
1968,Education,15.179
1969,Education,15.499
1970,Education,15.82
1971,Education,15.632
1972,Education,15.692
1973,Education,16.152
1974,Education,16.919
1975,Education,17.269
1976,Education,17.418
1977,Education,17.751
1978,Education,18.685
1979,Education,19.506
1980,Education,21.133
1981,Education,22.489
1982,Education,22.9
1983,Education,23.578
1984,Education,24.83
1985,Education,25.647
1986,Education,27.459
1987,Education,28.268
1988,Education,30.216
1989,Education,31.843
1990,Education,34.469
1991,Education,38.204
1992,Education,40.691
1993,Education,42.421
1994,Education,43.789
1995,Education,45.561
1996,Education,47.624
1997,Education,48.951
1998,Education,51.396
1999,Education,53.581
2000,Education,54.993
2001,Education,57.141
2002,Education,58.464
2003,Education,60.425
2004,Education,62.626
2005,Education,64.622
2006,Education,66.652
2007,Education,68.469
2008,Education,71.667
2009,Education,72.206
2010,Education,74.663
2011,Education,77.339
2012,Education,80.478
2013,Education,83.568
2014,Education,86.422
2015,Education,89.395
2016,Education,92.145
2017,Education,94.924
2018,Education,97.661
2019,Education,100
2020,Education,99.37
2021,Education,100.633
2022,Education,102.747
2023,Education,105.544
1961,Miscellaneous Goods & Services,18.833
1962,Miscellaneous Goods & Services,18.826
1963,Miscellaneous Goods & Services,18.823
1964,Miscellaneous Goods & Services,18.586
1965,Miscellaneous Goods & Services,18.91
1966,Miscellaneous Goods & Services,19.204
1967,Miscellaneous Goods & Services,19.29
1968,Miscellaneous Goods & Services,19.993
1969,Miscellaneous Goods & Services,20.683
1970,Miscellaneous Goods & Services,21.47
1971,Miscellaneous Goods & Services,21.607
1972,Miscellaneous Goods & Services,22.362
1973,Miscellaneous Goods & Services,24.676
1974,Miscellaneous Goods & Services,28.354
1975,Miscellaneous Goods & Services,30.596
1976,Miscellaneous Goods & Services,31.313
1977,Miscellaneous Goods & Services,32.032
1978,Miscellaneous Goods & Services,33.142
1979,Miscellaneous Goods & Services,33.59
1980,Miscellaneous Goods & Services,36.505
1981,Miscellaneous Goods & Services,39.245
1982,Miscellaneous Goods & Services,41.335
1983,Miscellaneous Goods & Services,43.427
1984,Miscellaneous Goods & Services,46.786
1985,Miscellaneous Goods & Services,47.563
1986,Miscellaneous Goods & Services,47.754
1987,Miscellaneous Goods & Services,50.329
1988,Miscellaneous Goods & Services,51.188
1989,Miscellaneous Goods & Services,52.867
1990,Miscellaneous Goods & Services,54.662
1991,Miscellaneous Goods & Services,58.074
1992,Miscellaneous Goods & Services,60.027
1993,Miscellaneous Goods & Services,64.044
1994,Miscellaneous Goods & Services,65.856
1995,Miscellaneous Goods & Services,66.743
1996,Miscellaneous Goods & Services,67.647
1997,Miscellaneous Goods & Services,68.544
1998,Miscellaneous Goods & Services,69.713
1999,Miscellaneous Goods & Services,70.752
2000,Miscellaneous Goods & Services,72.023
2001,Miscellaneous Goods & Services,74.459
2002,Miscellaneous Goods & Services,74.193
2003,Miscellaneous Goods & Services,77.989
2004,Miscellaneous Goods & Services,83.053
2005,Miscellaneous Goods & Services,86.721
2006,Miscellaneous Goods & Services,88.857
2007,Miscellaneous Goods & Services,90.848
2008,Miscellaneous Goods & Services,92.64
2009,Miscellaneous Goods & Services,92.913
2010,Miscellaneous Goods & Services,93.523
2011,Miscellaneous Goods & Services,94.393
2012,Miscellaneous Goods & Services,95.396
2013,Miscellaneous Goods & Services,97.168
2014,Miscellaneous Goods & Services,98.327
2015,Miscellaneous Goods & Services,98.284
2016,Miscellaneous Goods & Services,98.53
2017,Miscellaneous Goods & Services,98.67
2018,Miscellaneous Goods & Services,99.635
2019,Miscellaneous Goods & Services,100
2020,Miscellaneous Goods & Services,98.823
2021,Miscellaneous Goods & Services,98.282
2022,Miscellaneous Goods & Services,98.739
2023,Miscellaneous Goods & Services,101.772
