Year,Total,Food,Food_Non_alcoholic_Beverages,Food_Serving_Services,Clothing_And_Footwear,Housing_And_Related_Expenditure,Housing_And_Utilities,Imputed_Rental_Of_Owner_occupied_Accommodation,Furnishings_Household_Equipment_Routine_Household_Maintenance,Health,Transport,Communication,Recreation_And_Culture,Educational_Services,Accommodation_Services,Others
1993,3033.4,800.4,396.8,403.6,176.4,716.7,531.3,371.8,185.4,88.9,556.3,53.4,310.8,109.3,1.3,220
1998,3627.6,858.6,376.9,481.7,139.7,878.3,658.6,451.9,219.7,125.2,674.5,129.6,381.6,159.7,2.4,277.9
2003,3797.8,797.9,332.2,465.6,127,918.3,701,445.9,217.2,170.7,614.7,171.6,448.7,195.2,6.2,347.6
2008,4432.7,949,357.1,591.8,143.1,1169,982.3,623.6,186.7,217.9,700.1,209.7,383.1,234.7,33.1,393.2
2013,5771.3,1188.3,423.8,764.4,155.6,1734.3,1471,1046.8,263.3,260.6,811.5,216.7,398.7,310.3,39.8,655.6
2018,5904.5,1198.9,388.7,810.2,122.9,1706.2,1423.9,998,282.3,323.1,781.2,240.4,378.6,339.2,69.8,744.2
